time,Q_1375,Q_1371,Q_1376,Q_1370,Q_1401,P_1375,P_1371,P_1376,P_1370,P_1401
2019-01-02T00:00:00,687.5160130043784,633.444640149158,99.70168681264651,292.6073243580044,176.3000287223257,0.0,0.0,0.0,0.0,0.0
2019-01-03T00:00:00,501.1140216189554,436.5165117802526,107.77046947719263,172.27788034199463,99.94756572270529,0.0,0.0,0.0,0.0,0.0
2019-01-04T00:00:00,317.72083109754715,272.57133441011644,70.62404537274031,105.93248059326737,61.02711926649598,0.0,0.0,0.0,0.0,0.0
2019-01-05T00:00:00,214.15246090236016,181.37967345079332,47.53752565892575,69.84199014606511,40.766642071828855,0.0,0.0,0.0,0.0,0.0
2019-01-06T00:00:00,151.99273597701938,127.15187133884005,33.98100165524851,48.50467951085091,28.243604562294934,0.0,0.0,0.0,0.0,0.0
2019-01-07T00:00:00,112.34183450225663,92.761188959974,25.573512073448594,35.03198121116154,20.13230535149864,0.0,0.0,0.0,0.0,0.0
2019-01-08T00:00:00,85.97296115456184,70.00465863266439,19.962421281754207,26.061798700431382,14.716072004297237,0.0,0.0,0.0,0.0,0.0
2019-01-09T00:00:00,67.82794333854282,54.39763838584944,16.037456728002734,19.830244298814506,10.986115095721706,0.0,0.0,0.0,0.0,0.0
2019-01-10T00:00:00,54.754406647424695,43.30419884797962,13.20000706535707,15.343369803972676,8.347367018669852,0.0,0.0,0.0,0.0,0.0
2019-01-11T00:00:00,45.001550679751375,35.11531983366478,11.084482365573054,12.033071017668975,6.437430574448942,0.0,0.0,0.0,0.0,0.0
2019-01-12T00:00:00,37.57409909682008,28.932719432899685,9.5097707510077,9.541356668251582,5.028834731494172,0.0,0.0,0.0,0.0,0.0
2019-01-13T00:00:00,32.08183326773777,24.323123760521877,8.393218171287767,7.667979971388548,3.986775496132583,1.0,1.0,1.0,1.0,1.7000000476837158
2019-01-14T00:00:00,27.7084832991502,20.725044553227058,7.522411108188309,6.255991842619845,3.212896537207129,0.0,0.0,0.0,0.0,4.800000190734863
2019-01-15T00:00:00,23.92610333426542,17.60022788954654,6.741801557840486,4.996089873686844,2.546623273887856,0.0,0.0,0.0,0.0,0.0
2019-01-16T00:00:00,20.79758003770574,15.090390687930453,6.044255426740631,4.052819320574619,2.0537996816612676,0.0,0.0,0.0,0.0,0.0
2019-01-17T00:00:00,18.38852847488452,13.202278137546784,5.528286716978259,3.326571725545886,1.677116258967203,0.5,0.5,0.5,0.5,0.5
2019-01-18T00:00:00,16.37090256354524,11.639803838512568,5.116173357613585,2.7266279019784094,1.3697727003672597,0.0,0.0,0.0,0.0,0.0
2019-01-19T00:00:00,14.691567635067395,10.342819504247379,4.757099165876585,2.2469854071470476,1.1258871344477546,0.0,0.0,0.0,0.0,0.0
2019-01-20T00:00:00,13.277505379924365,9.257648677615375,4.442283326303878,1.8604700613911422,0.930378897224113,0.0,0.0,0.0,0.0,0.0
2019-01-21T00:00:00,12.055999406042872,8.330431672462723,4.158136224439139,1.5454417937025184,0.7716540541069855,0.0,0.0,0.0,0.0,0.0
2019-01-22T00:00:00,11.023680182649324,7.540194173240896,3.9024159776702714,1.2890380955269782,0.6433178230439469,0.0,0.0,0.0,0.0,0.0
2019-01-23T00:00:00,10.128184645315246,6.858743570224777,3.671281231053541,1.0799062811111886,0.5381198626174387,0.0,0.0,0.0,0.0,0.0
2019-01-24T00:00:00,9.33186033972809,6.260913867636739,3.457538216018227,0.9057667928237224,0.4508751848553178,0.0,0.0,0.0,0.0,0.0
2019-01-25T00:00:00,8.625262419845416,5.742595455113244,3.262419085143428,0.7668802239005053,0.3805623031075285,0.0,0.0,0.0,0.0,0.800000011920929
2019-01-26T00:00:00,8.00834258166955,5.2956283823613015,3.0889245398189025,0.6442464707574197,0.31936060183893095,0.0,0.0,0.0,0.0,0.0
2019-01-27T00:00:00,7.475252675339089,4.9201285740557426,2.933173202873792,0.5499222180015382,0.27283106913797317,0.30000001192092896,0.30000001192092896,0.30000001192092896,0.30000001192092896,0.0
2019-01-28T00:00:00,6.990560641058935,4.578548993899698,2.793859438153913,0.46452157873191385,0.22806114500723007,0.0,0.0,0.0,0.0,0.0
2019-01-29T00:00:00,6.540562743899656,4.265153553962906,2.6588663698503683,0.3924069822921725,0.19146175813401448,0.0,0.0,0.0,0.0,0.0
2019-01-30T00:00:00,6.186025869229339,4.033739190126659,2.553392471219722,0.3474341848917384,0.16684013544287055,1.2999999523162842,1.2999999523162842,1.2999999523162842,1.2999999523162842,1.7000000476837158
2019-01-31T00:00:00,5.8545500799077415,3.811036621178795,2.4582862012696522,0.29469068918433916,0.13936262838144747,0.0,0.0,0.0,0.0,0.0
2019-02-01T00:00:00,5.67353360156951,3.7444300574072273,2.3951939160400917,0.34974263042716697,0.1471347084504939,4.300000190734863,4.300000190734863,4.300000190734863,4.300000190734863,4.800000190734863
2019-02-02T00:00:00,6.5893788948462175,4.6607883067690254,2.5450577412265916,0.5919078288058972,0.24061141465739164,17.799999237060547,17.799999237060547,17.799999237060547,17.799999237060547,16.0
2019-02-03T00:00:00,6.934200797897322,4.81532412178574,2.689821989637801,0.5428302256230358,0.2242011022179813,14.199999809265137,14.199999809265137,14.199999809265137,14.199999809265137,11.5
2019-02-04T00:00:00,5.775155587931368,3.833287086882897,2.4689980926600925,0.2711396380486271,0.10934374827278104,0.0,0.0,0.0,0.0,0.0
2019-02-05T00:00:00,4.778829631955623,3.1067679648234603,2.1510718193933207,0.13880947930992735,0.059164448555174214,0.0,0.0,0.0,0.0,0.0
2019-02-06T00:00:00,4.3734163337953245,2.83502673544716,1.9857205071783517,0.10858544838535873,0.04842383782852635,0.0,0.0,0.0,0.0,0.0
2019-02-07T00:00:00,4.140885991129731,2.6844747927410317,1.89330026064445,0.09368508987603597,0.041274714630438164,0.0,0.0,0.0,0.0,0.0
2019-02-08T00:00:00,3.953897778440227,2.5643208050047592,1.8222140589068123,0.08005476806752392,0.03407585904887115,0.0,0.0,0.0,0.0,0.0
2019-02-09T00:00:00,3.7812745648997743,2.4524038335228346,1.75670508564619,0.06675708949506069,0.02767584063341076,0.0,0.0,0.0,0.0,0.0
2019-02-10T00:00:00,3.6753361531100186,2.397996813606221,1.710332248030415,0.08145122992794486,0.03258184334080796,1.899999976158142,1.899999976158142,1.899999976158142,1.899999976158142,2.0999999046325684
2019-02-11T00:00:00,3.583816824096891,2.3536714639632796,1.6691753712698494,0.0838436375388771,0.03048957947669795,0.0,0.0,0.0,0.0,0.0
2019-02-12T00:00:00,3.4014444453223125,2.216851168838227,1.604857885901886,0.04823239482315986,0.016631187568528973,0.0,0.0,0.0,0.0,0.0
2019-02-13T00:00:00,3.2350650223316566,2.103619575092947,1.5439557474940353,0.03217857795650855,0.01152789793865204,0.0,0.0,0.0,0.0,0.0
2019-02-14T00:00:00,3.1059324749648987,2.020457446105554,1.4922650541826943,0.02518597517994299,0.00954817555716847,0.0,0.0,0.0,0.0,0.0
2019-02-15T00:00:00,2.990832540433814,1.9474160500324098,1.44493657990164,0.02284067023905649,0.007676594611534343,0.0,0.0,0.0,0.0,0.0
2019-02-16T00:00:00,2.885924247349354,1.880807763221935,1.3997924436436655,0.01700793669666227,0.006093123579630909,0.0,0.0,0.0,0.0,0.0
2019-02-17T00:00:00,2.7825665540542364,1.8138442487325568,1.3570095785417078,0.010996354575661628,0.00466982460338309,0.0,0.0,0.0,0.0,0.0
2019-02-18T00:00:00,2.6874018195563014,1.752824967571942,1.3166138904512756,0.007818290877034898,0.003650562666383465,0.0,0.0,0.0,0.0,0.0
2019-02-19T00:00:00,2.600123868652774,1.6982119850628143,1.2795704301815296,0.005904192838716534,0.0028009075277311995,0.0,0.0,0.0,0.0,0.0
2019-02-20T00:00:00,2.518602708620857,1.6471540344710303,1.2439596263774224,0.0033063341029528873,0.002247258041195647,0.0,0.0,0.0,0.0,0.0
2019-02-21T00:00:00,2.4410019291638494,1.5987021647858854,1.2099844624906748,0.002245610812214497,0.0018430242440635027,0.0,0.0,0.0,0.0,0.0
2019-02-22T00:00:00,2.369497285147564,1.5543488557665401,1.1779432134673744,0.0017162925953529507,0.0014932862450928617,0.0,0.0,0.0,0.0,0.0
2019-02-23T00:00:00,2.3028119875081647,1.5134281286409281,1.148553110253276,0.001235061968019714,0.0012062192616579196,0.0,0.0,0.0,0.0,0.0
2019-02-24T00:00:00,2.2416888484142525,1.4757163360957604,1.1209758113800652,0.0009054584974733862,0.000974881185997907,0.0,0.0,0.0,0.0,0.0
2019-02-25T00:00:00,2.177951592048871,1.4361312511009163,1.0936712163628406,0.0007239783318038257,0.0007864386098814894,0.0,0.0,0.0,0.0,0.0
2019-02-26T00:00:00,2.117123469916057,1.39743263470314,1.0648112259565923,0.000601830917419023,0.0006328374214681951,0.0,0.0,0.0,0.0,0.0
2019-02-27T00:00:00,2.052100740773897,1.3559382820623023,1.035892837044132,0.00042352095181766796,0.0005081195009253546,0.0,0.0,0.0,0.0,0.0
2019-02-28T00:00:00,1.9863957296042776,1.3129946155840975,1.0043053696622393,0.00028304400187750557,0.0004070078813751871,0.0,0.0,0.0,0.0,0.0
2019-03-01T00:00:00,1.942797391804621,1.2857035300540816,0.9801222476127177,0.00021998537101343798,0.001771300367890167,0.0,0.0,0.0,0.0,1.2999999523162842
2019-03-02T00:00:00,1.9064008161849968,1.2688327789397773,0.9701796477913943,0.0004345938127845287,0.0029166944764836087,0.0,0.0,0.0,0.0,0.0
2019-03-03T00:00:00,1.8558876452288857,1.2350151746431048,0.9479243881594323,0.0012678544375709787,0.00041716750689644563,0.0,0.0,0.0,0.0,0.0
2019-03-04T00:00:00,1.8266030914430065,1.214927717903149,0.9253993475719541,0.0011262800744937934,0.0008964904917294052,1.2999999523162842,1.2999999523162842,1.2999999523162842,1.2999999523162842,1.2999999523162842
2019-03-05T00:00:00,1.7757719423965745,1.185185227561077,0.9090630579121973,0.0021887472780037246,0.0020155392401989907,0.0,0.0,0.0,0.0,0.0
2019-03-06T00:00:00,1.7229953611511852,1.148453167797185,0.8806683855770719,0.0014087929484105932,0.0003586740747457565,0.0,0.0,0.0,0.0,0.0
2019-03-07T00:00:00,1.83411623635192,1.2395740369633022,0.8978139551641804,0.04708389075945411,0.027189484899669002,8.300000190734863,8.300000190734863,8.300000190734863,8.300000190734863,7.099999904632568
2019-03-08T00:00:00,1.895807841848013,1.3266681403171374,0.9190819404418279,0.07358976261606502,0.02664587711042482,0.0,0.0,0.0,0.0,0.0
2019-03-09T00:00:00,1.72161590088309,1.1583049522995146,0.8672325827269383,0.010386947846015335,0.0008697495690319027,0.0,0.0,0.0,0.0,0.0
2019-03-10T00:00:00,1.5956961297857486,1.0696194443518052,0.8220122882942591,0.00030424335688267705,9.999999999999975e-31,0.0,0.0,0.0,0.0,0.0
2019-03-11T00:00:00,1.5416295234495125,1.0340645998771074,0.796282942289336,0.00031106180799701604,0.002674859517826478,0.0,0.0,0.0,0.0,2.200000047683716
2019-03-12T00:00:00,1.5011341022827251,1.0149321479333129,0.7852357913739364,0.004568997142367525,0.005017079888638529,0.0,0.0,0.0,0.0,0.0
2019-03-13T00:00:00,1.4879818261752842,1.0018685702852839,0.7663439503676189,0.004936759507568489,0.0010930195657819241,1.5,1.5,1.5,1.5,1.5
2019-03-14T00:00:00,1.461971248612173,0.9855496741538987,0.7539180581354835,0.0046155926901075076,0.0021245130789327047,1.0,1.0,1.0,1.0,1.5
2019-03-15T00:00:00,1.4288320395047827,0.9739707985078544,0.7481900983011659,0.03265699194182176,0.02394290998451458,0.0,0.0,0.0,0.0,5.599999904632568
2019-03-16T00:00:00,1.4334989374869682,1.00730104161419,0.7417782806433203,0.04183331283888838,0.015855459793026848,0.0,0.0,0.0,0.0,0.0
2019-03-17T00:00:00,1.4312623244099083,0.9739159968951984,0.7297326396064604,0.013046548304092312,0.003457517186200899,2.9000000953674316,2.9000000953674316,2.9000000953674316,2.9000000953674316,3.5999999046325684
2019-03-18T00:00:00,1.3797046276094422,0.9436776749372732,0.7187058292751983,0.016178586470211,0.006657933211231967,0.0,0.0,0.0,0.0,0.0
2019-03-19T00:00:00,1.3199647879315348,0.8965446682386057,0.6907570803431962,0.0032322507192968073,0.00036677598075084014,0.0,0.0,0.0,0.0,0.0
2019-03-20T00:00:00,1.2548954659208815,0.8477776326611206,0.6608361507305301,9.999999999999975e-31,9.999999999999975e-31,0.0,0.0,0.0,0.0,0.0
2019-03-21T00:00:00,1.2063513238644334,0.8136222631831945,0.6345708598974209,1.446508078275177e-8,7.35438451670784e-7,0.0,0.0,0.0,0.0,0.0
2019-03-22T00:00:00,1.1687273392314015,0.7877252275256391,0.6134616171832071,1.4682445901930953e-7,2.300789979751611e-6,0.0,0.0,0.0,0.0,0.0
2019-03-23T00:00:00,1.1360544342751469,0.7652259832406333,0.5956795097227803,1.1624069397008962e-6,1.8497045338351072e-6,0.0,0.0,0.0,0.0,0.0
2019-03-24T00:00:00,1.1076735551764745,0.7459398286257154,0.5806016484307072,1.584274474287959e-6,6.641150010304452e-7,0.0,0.0,0.0,0.0,0.0
2019-03-25T00:00:00,1.094421336825349,0.7370898932934065,0.5715127186816029,2.0993315910280388e-7,2.510378075117738e-7,0.0,0.0,0.0,0.0,0.0
2019-03-26T00:00:00,1.071832970642811,0.7246147588156293,0.5662818422309116,0.002447679973728476,2.9134178724675423e-7,0.0,0.0,0.0,0.0,0.0
2019-03-27T00:00:00,1.0546190554091628,0.7136681451001107,0.5566846210594366,0.0038692757957117714,3.60488994900721e-7,0.0,0.0,0.0,0.0,0.0
2019-03-28T00:00:00,1.035564019076612,0.7018646409175396,0.5472672201452279,4.445881819720971e-5,2.7809132769730147e-7,0.0,0.0,0.0,0.0,0.0
2019-03-29T00:00:00,1.0127478157911125,0.6855592644975296,0.5363988754326275,9.999999999999975e-31,1.5224788947214246e-7,0.0,0.0,0.0,0.0,0.0
2019-03-30T00:00:00,0.9874168343825972,0.6685753226697299,0.5243362546875703,3.4176768986416958e-9,8.909299632664411e-8,0.0,0.0,0.0,0.0,0.0
2019-03-31T00:00:00,0.9659273620423617,0.6540287661485497,0.5123547132395739,6.54742968147051e-8,7.414105926057131e-8,0.0,0.0,0.0,0.0,0.0
2019-04-01T00:00:00,0.943138615561578,0.6386871417637296,0.5010242126258897,1.4606108951266868e-7,6.724448367283106e-8,0.0,0.0,0.0,0.0,0.0
2019-04-02T00:00:00,0.9577868007657332,0.6480306469006442,0.49948792954516813,0.0022413102141502815,0.0017574118663374655,2.0,2.0,2.0,2.0,1.7000000476837158
2019-04-03T00:00:00,1.0007874580022993,0.6858459868141423,0.5182317209024567,0.021031783624721703,0.010421365779548946,3.200000047683716,3.200000047683716,3.200000047683716,3.200000047683716,2.700000047683716
2019-04-04T00:00:00,5.307733974125855,4.410617903459561,1.2322036508451732,0.7796719832292268,0.33892409547569313,47.79999923706055,47.79999923706055,47.79999923706055,47.79999923706055,39.400001525878906
2019-04-05T00:00:00,4.757125997586786,3.262868181796785,1.7771540129748429,0.3533975901163022,0.12256315366638476,0.0,0.0,0.0,0.0,0.0
2019-04-06T00:00:00,2.1231827510025894,1.4841415695497453,1.1376371895543091,0.04186954198295204,0.00503868032547681,0.0,0.0,0.0,0.0,0.0
2019-04-07T00:00:00,1.3034055763042633,0.9015340732443186,0.7195182475173865,0.0018726325753123504,2.80406831637537e-5,0.0,0.0,0.0,0.0,0.0
2019-04-08T00:00:00,1.049326330010685,0.7205288277622998,0.572629229303508,0.000573842888579114,0.0015643494801881848,1.399999976158142,1.399999976158142,1.399999976158142,1.399999976158142,1.5
2019-04-09T00:00:00,1.0653297538416526,0.7538203240263691,0.545575733697721,0.05999686230701887,0.03994872223907996,8.0,8.0,8.0,8.0,8.199999809265137
2019-04-10T00:00:00,1.171456314849356,0.8697639927736255,0.5652308590856807,0.07949387445140467,0.032489757014647194,1.2999999523162842,1.2999999523162842,1.2999999523162842,1.2999999523162842,1.100000023841858
2019-04-11T00:00:00,1.1615657084049504,0.8308809321373748,0.5677549322284948,0.0766582622651339,0.028404756222581692,6.5,6.5,6.5,6.5,6.099999904632568
2019-04-12T00:00:00,1.1389031908365725,0.832037390255139,0.5577046724925991,0.06747071582006368,0.024017180799894386,0.0,0.0,0.0,0.0,0.0
2019-04-13T00:00:00,1.021406609138866,0.7110180129951337,0.5226677256784775,0.02414826977768406,0.010678594309035361,3.5,3.5,3.5,3.5,5.0
2019-04-14T00:00:00,0.9486499826126309,0.6752719635667729,0.5053628762640571,0.038744216034043426,0.013345821731468513,0.0,0.0,0.0,0.0,0.0
2019-04-15T00:00:00,0.8808267412483781,0.6162036944178478,0.47438791609598097,0.012807308971326384,0.00041534198250305125,0.0,0.0,0.0,0.0,0.0
2019-04-16T00:00:00,0.8094075901344459,0.5548789831159929,0.438940285676571,3.6253831271294434e-5,9.999999999999975e-31,0.0,0.0,0.0,0.0,0.0
2019-04-17T00:00:00,0.7516844114848628,0.5146944273773013,0.4117165908604546,9.999999999999975e-31,2.0065640049930892e-7,0.0,0.0,0.0,0.0,0.0
2019-04-18T00:00:00,0.7205858721361778,0.49154202180240625,0.38916779516705985,2.154426090771877e-8,6.467291423560191e-7,0.0,0.0,0.0,0.0,0.0
2019-04-19T00:00:00,0.6942387466783084,0.47255602787797657,0.37347562393367,1.9247346579621793e-7,5.421215169417957e-7,0.0,0.0,0.0,0.0,0.0
2019-04-20T00:00:00,0.6706632577702597,0.45590336602448356,0.35973430385841926,3.9738771218749085e-7,2.016674134567715e-7,0.0,0.0,0.0,0.0,0.0
2019-04-21T00:00:00,0.6543225051571976,0.44326437742744645,0.34849607751237627,1.288492419144422e-7,7.503635773842529e-8,0.0,0.0,0.0,0.0,0.0
2019-04-22T00:00:00,0.6444481191689232,0.4355011990885668,0.3414989163705799,1.6456255626229543e-10,8.935939717837492e-8,0.0,0.0,0.0,0.0,0.0
2019-04-23T00:00:00,0.7340019196888979,0.49590511857584113,0.35936156610902165,0.021445071987473873,0.010367867880789703,6.599999904632568,6.599999904632568,6.599999904632568,6.599999904632568,4.199999809265137
2019-04-24T00:00:00,0.9790652512043369,0.7465967687822689,0.4219303003973056,0.1253811589352473,0.05125283221426013,9.600000381469727,9.600000381469727,9.600000381469727,9.600000381469727,7.800000190734863
2019-04-25T00:00:00,1.0592831159537017,0.7649613015205144,0.45855207414172794,0.08113412399403751,0.024886962852482583,0.8999999761581421,0.8999999761581421,0.8999999761581421,0.8999999761581421,0.8999999761581421
2019-04-26T00:00:00,0.9792528314388647,0.6958846537771443,0.4646491450956564,0.06643302262532128,0.03235657698581638,8.0,8.0,8.0,8.0,8.5
2019-04-27T00:00:00,1.0304805685084844,0.7758837588093562,0.4737836951894048,0.10433073507006502,0.03717323507276467,4.300000190734863,4.300000190734863,4.300000190734863,4.300000190734863,3.5
2019-04-28T00:00:00,1.1230609669350098,0.8522197444261197,0.4887141226125644,0.1500783068652959,0.044141966359665274,10.199999809265137,10.199999809265137,10.199999809265137,10.199999809265137,8.899999618530273
2019-04-29T00:00:00,1.146206520187261,0.8538909553521074,0.49564710290695674,0.12012725763471822,0.028437449055428308,0.0,0.0,0.0,0.0,0.0
2019-04-30T00:00:00,0.8849724462928398,0.6207309063707793,0.4516016425231868,0.03502077074807581,0.0007601715347486337,0.0,0.0,0.0,0.0,0.0
2019-05-01T00:00:00,0.719922685824674,0.49756737395076406,0.3931085102679352,0.0025318068893042775,9.999999999999975e-31,0.0,0.0,0.0,0.0,0.0
2019-05-02T00:00:00,0.6809465866995305,0.4637162454170154,0.3588706163876034,0.009220471084544374,0.0077126770006302045,4.400000095367432,4.400000095367432,4.400000095367432,4.400000095367432,3.9000000953674316
2019-05-03T00:00:00,0.7328785480863639,0.5283350550720669,0.36333016358773934,0.05992420230633777,0.02348878687451211,4.900000095367432,4.900000095367432,4.900000095367432,4.900000095367432,3.799999952316284
2019-05-04T00:00:00,1.3264633527032335,1.116501552997312,0.4435841893766504,0.20490296319939394,0.07993879329137972,16.799999237060547,16.799999237060547,16.799999237060547,16.799999237060547,12.800000190734863
2019-05-05T00:00:00,1.5925079156114432,1.1545990828960422,0.5533194037039342,0.2056556210663627,0.06855368226781737,4.800000190734863,4.800000190734863,4.800000190734863,4.800000190734863,4.699999809265137
2019-05-06T00:00:00,1.1304742185985426,0.8032283429498358,0.5309615084505868,0.06512531900895543,0.014752221632746166,0.0,0.0,0.0,0.0,0.0
2019-05-07T00:00:00,0.7850300669286696,0.5380421795418676,0.42250931505289224,0.0030768499199058004,6.012788025153469e-5,0.0,0.0,0.0,0.0,0.0
2019-05-08T00:00:00,0.6591766009352711,0.45029803105558486,0.3576494472826135,0.00024323428237945898,0.0008520454313603905,1.5,1.5,1.5,1.5,1.2000000476837158
2019-05-09T00:00:00,0.603024307341076,0.41276106928557366,0.33197275697304646,0.0018424314359668538,0.0019531772785133373,0.0,0.0,0.0,0.0,0.0
2019-05-10T00:00:00,0.5592505370023896,0.3852449358987597,0.3097621812696533,0.0015260168239460516,0.00024686553689692994,0.0,0.0,0.0,0.0,0.0
2019-05-11T00:00:00,1.349542311738289,1.2143102769035323,0.40659595695174455,0.2227501219100483,0.11885549478646185,20.600000381469727,20.600000381469727,20.600000381469727,20.600000381469727,19.0
2019-05-12T00:00:00,1.817205474119721,1.2896643220993036,0.5874678338094595,0.19006129806330488,0.06597835186823063,0.0,0.0,0.0,0.0,0.0
2019-05-13T00:00:00,1.0808704258420174,0.7458129586026301,0.5409705005008615,0.026419885394287194,0.002956649873992809,0.0,0.0,0.0,0.0,0.0
2019-05-14T00:00:00,0.7602594552976735,0.525106678603377,0.41868410520427846,0.0022055588534062296,9.050980006359463e-6,0.0,0.0,0.0,0.0,0.0
2019-05-15T00:00:00,0.6301630976525204,0.4339616354559411,0.3506118782397975,9.999999999999975e-31,9.999999999999975e-31,0.0,0.0,0.0,0.0,0.0
2019-05-16T00:00:00,0.5609386057758025,0.386815004032163,0.31456677436956243,1.3812428194946839e-9,1.3852090892000982e-9,0.0,0.0,0.0,0.0,0.0
2019-05-17T00:00:00,0.5188321094915024,0.35714697112873295,0.28802609773042914,4.689817443798126e-7,5.077226197852201e-9,0.0,0.0,0.0,0.0,0.0
2019-05-18T00:00:00,1.0260420717659973,0.8802668942922525,0.34857573935123837,0.11212877481606269,0.07219632262554945,17.5,17.5,17.5,17.5,13.399999618530273
2019-05-19T00:00:00,1.4246034513000547,1.038616955998366,0.4858134372043123,0.17577084869711956,0.07753922095005593,4.699999809265137,4.699999809265137,4.699999809265137,4.699999809265137,6.199999809265137
2019-05-20T00:00:00,1.5926411380468057,1.3497425611194147,0.5714507326623931,0.26906385527217996,0.13951265243863284,14.5,14.5,14.5,14.5,17.799999237060547
2019-05-21T00:00:00,1.5775495114635296,1.169453275312197,0.6088706986111502,0.15218844279736232,0.055755236564902284,0.0,0.0,0.0,0.0,0.0
2019-05-22T00:00:00,0.9553950194895675,0.6747228563963087,0.5157574826811046,0.012223223674085397,0.0006377930878106249,0.0,0.0,0.0,0.0,0.0
2019-05-23T00:00:00,0.6876589038341808,0.47980806827541045,0.3916995753177788,2.6451014406830703e-5,9.999999999999975e-31,0.0,0.0,0.0,0.0,0.0
2019-05-24T00:00:00,0.5604680950827663,0.3882875502192937,0.31935526289000066,9.999999999999975e-31,6.725254474187922e-10,0.0,0.0,0.0,0.0,0.0
2019-05-25T00:00:00,0.7004919633528842,0.5437161442948778,0.31228151417385197,0.06378400220380252,0.049431751128621526,11.199999809265137,11.199999809265137,11.199999809265137,11.199999809265137,10.5
2019-05-26T00:00:00,0.8398542570810651,0.6243785203512245,0.33522392730623785,0.0777413495433892,0.03357850504330032,0.0,0.0,0.0,0.0,0.0
2019-05-27T00:00:00,0.9418220495526218,0.7515622321738628,0.37526410480666406,0.11120124455969772,0.06415089350844128,12.399999618530273,12.399999618530273,12.399999618530273,12.399999618530273,12.699999809265137
2019-05-28T00:00:00,1.6061528599146506,1.337458863160057,0.5031265571483218,0.2902615015660855,0.11055140480010893,14.300000190734863,14.300000190734863,14.300000190734863,14.300000190734863,10.300000190734863
2019-05-29T00:00:00,1.5186019034777436,1.1061356985085815,0.5699573356370108,0.1722206471804372,0.05094987215658242,4.5,4.5,4.5,4.5,2.700000047683716
2019-05-30T00:00:00,0.9653552446702038,0.6767548151237875,0.47125187073310815,0.04193183824617824,0.0073279069281189,0.0,0.0,0.0,0.0,0.0
2019-05-31T00:00:00,0.663168996441461,0.45945048508902236,0.3631204180871794,0.003440805326826017,1.7723387827776996e-5,0.0,0.0,0.0,0.0,0.0
2019-06-01T00:00:00,0.5313616769911932,0.3676648519487901,0.3015317703815518,9.999999999999975e-31,9.999999999999975e-31,0.0,0.0,0.0,0.0,0.0
2019-06-02T00:00:00,0.4694842340476459,0.3248048826887569,0.2659354854115791,1.2867789743906732e-10,3.4060239758387764e-10,0.0,0.0,0.0,0.0,0.0
2019-06-03T00:00:00,0.4253398010156386,0.2946104227055878,0.2411229437514558,4.67322532190173e-9,1.2670240081770405e-9,0.0,0.0,0.0,0.0,0.0
2019-06-04T00:00:00,0.4015721068459606,0.2758907667286569,0.22207993894286984,4.7567774475370454e-8,1.3755954018699535e-9,0.0,0.0,0.0,0.0,0.0
2019-06-05T00:00:00,0.3726769015597253,0.25530109019873043,0.20731765116366319,6.552119468664644e-8,8.023073605246486e-10,0.0,0.0,0.0,0.0,0.0
2019-06-06T00:00:00,0.36294047832828347,0.2470228358188665,0.1960823626598117,5.993993178177125e-6,4.805143589891238e-10,0.0,0.0,0.0,0.0,0.0
2019-06-07T00:00:00,0.35422207555241414,0.2387954136923364,0.19041158758208185,6.866894435984807e-5,5.109976344528432e-10,0.0,0.0,0.0,0.0,0.0
2019-06-08T00:00:00,0.35188822290474014,0.23770210851281495,0.18804724786780588,0.000144667039172793,6.36514893119583e-10,0.0,0.0,0.0,0.0,0.0
2019-06-09T00:00:00,0.392663051113422,0.2650286589498153,0.19716407425342006,0.01372247079238306,0.007719662867748322,3.799999952316284,3.799999952316284,3.799999952316284,3.799999952316284,3.799999952316284
2019-06-10T00:00:00,0.4116795929137449,0.2984746141553793,0.21208081017136649,0.03801670385989472,0.016740788604886207,0.0,0.0,0.0,0.0,2.4000000953674316
2019-06-11T00:00:00,0.5412943444394481,0.41531067464143057,0.23260462716179978,0.08972612624042066,0.032330985807748035,8.899999618530273,8.899999618530273,8.899999618530273,8.899999618530273,8.100000381469727
2019-06-12T00:00:00,0.6246492112808698,0.464572576724855,0.24996251347919976,0.0672406468758837,0.020042914607895184,0.0,0.0,0.0,0.0,0.0
2019-06-13T00:00:00,0.4971490949328184,0.3357293232321006,0.24706324268330507,0.005609485925358489,0.00012253028770827006,0.0,0.0,0.0,0.0,0.0
2019-06-14T00:00:00,0.40815130583916526,0.28213702732356005,0.23250100705674745,0.0020320026069481274,0.004117617826027396,0.0,0.0,0.0,0.0,2.799999952316284
2019-06-15T00:00:00,0.364396630865185,0.2562069407032462,0.2104840509843852,0.008905522039042294,0.007064136502511402,0.0,0.0,0.0,0.0,0.0
2019-06-16T00:00:00,0.34998288129108995,0.24258903990044048,0.191130484026272,0.0019056916090787746,0.0002361612087895006,0.0,0.0,0.0,0.0,0.0
2019-06-17T00:00:00,0.33842522002473635,0.22682962939847087,0.18009719205828598,0.016384826552231013,0.008441776512694883,0.0,0.0,0.0,0.0,4.099999904632568
2019-06-18T00:00:00,0.5037351831641153,0.45227226141786514,0.2040637360157933,0.13931914511200735,0.0818708159653347,9.399999618530273,9.399999618530273,9.399999618530273,9.399999618530273,12.199999809265137
2019-06-19T00:00:00,0.7887372803672631,0.6034801888855245,0.25482852830928965,0.12643403006003354,0.051327499249243624,3.0,3.0,3.0,3.0,3.700000047683716
2019-06-20T00:00:00,0.7165658976234508,0.5429625501396242,0.2879460876495097,0.12029256910920672,0.04031777034405243,8.600000381469727,8.600000381469727,8.600000381469727,8.600000381469727,9.399999618530273
2019-06-21T00:00:00,1.3109638098930931,1.2114850608129695,0.35602760348904255,0.34415401046661964,0.1335315261063499,16.200000762939453,16.200000762939453,16.200000762939453,16.200000762939453,18.100000381469727
2019-06-22T00:00:00,1.4973587915943156,1.096298286934254,0.44049134284393365,0.22572858384361538,0.07055379135810258,3.9000000953674316,3.9000000953674316,3.9000000953674316,3.9000000953674316,3.9000000953674316
2019-06-23T00:00:00,0.8747241487823895,0.6116718982073982,0.40587237763495576,0.049003356566632184,0.007169737557153509,0.0,0.0,0.0,0.0,0.0
2019-06-24T00:00:00,0.5697127537793585,0.3922254003331347,0.30894017793301803,0.0028030248392832777,9.999999999999975e-31,0.0,0.0,0.0,0.0,0.0
2019-06-25T00:00:00,0.44347723069341943,0.3046138597374887,0.2497215216595381,0.0033622183730208856,4.375293783388524e-9,0.0,0.0,0.0,0.0,0.0
2019-06-26T00:00:00,0.3856064407725597,0.26502289817519425,0.21725389400935824,0.004212618506361575,3.183797700893498e-8,0.0,0.0,0.0,0.0,0.0
2019-06-27T00:00:00,0.3574233971543272,0.24499701178935504,0.19857595359991223,0.004774844367705976,5.752897348262741e-7,0.0,0.0,0.0,0.0,0.0
2019-06-28T00:00:00,0.34461554116665244,0.23520135344522689,0.18838292267666504,0.007190525360972379,4.693496214091468e-6,0.0,0.0,0.0,0.0,0.0
2019-06-29T00:00:00,0.3329274349736348,0.22672558950109978,0.18266241465618493,0.007869388559116185,1.3627606275112345e-5,0.0,0.0,0.0,0.0,0.0
2019-06-30T00:00:00,0.3222115062534973,0.22104011320059955,0.17775530467845715,0.007105654008526048,3.8408879469060134e-5,0.0,0.0,0.0,0.0,0.0
2019-07-01T00:00:00,0.34031934640713435,0.23778228141719068,0.17821040323530038,0.022590841564011574,0.008876510542939734,4.5,4.5,4.5,4.5,3.9000000953674316
2019-07-02T00:00:00,0.3548209873898002,0.26330929145522636,0.18143493826291912,0.033383943477439657,0.011431915811124254,0.8999999761581421,0.8999999761581421,0.8999999761581421,0.8999999761581421,0.4000000059604645
2019-07-03T00:00:00,0.3804800373833388,0.266100010274103,0.1813266057005515,0.04250465699021108,0.005192778332718258,5.0,5.0,5.0,5.0,4.199999809265137
2019-07-04T00:00:00,0.3638106880111029,0.2650736005577291,0.1791229475969208,0.032147893210512236,0.00877784808677235,0.0,0.0,0.0,0.0,0.0
2019-07-05T00:00:00,0.332785719693042,0.22364582020954948,0.1683561588175996,0.005802577095890198,0.0005151404600843541,0.0,0.0,0.0,0.0,0.0
2019-07-06T00:00:00,0.3240486361614141,0.21763979538718778,0.1640363148832003,0.025908156436256685,0.00836241409066169,4.199999809265137,4.199999809265137,4.199999809265137,4.199999809265137,3.799999952316284
2019-07-07T00:00:00,0.35102790055913125,0.26755270512081286,0.16725058034792264,0.04824928650885421,0.021113226376665305,3.0,3.0,3.0,3.0,3.4000000953674316
2019-07-08T00:00:00,0.40362758264711823,0.2919972681075241,0.17332530041242467,0.04632343331443448,0.017922329479614533,4.400000095367432,4.400000095367432,4.400000095367432,4.400000095367432,4.199999809265137
2019-07-09T00:00:00,0.37575278686958935,0.2643215994921796,0.17602019729252452,0.02475259507022354,0.007476444188671753,0.0,0.0,0.0,0.0,0.0
2019-07-10T00:00:00,0.32375929917292995,0.2183650540506552,0.1679776521516392,0.006745022019763058,3.430997400833538e-5,0.0,0.0,0.0,0.0,0.0
2019-07-11T00:00:00,0.31706117302955666,0.21469903967395443,0.16398093897819407,0.022635680465060325,0.008258783605894444,3.4000000953674316,3.4000000953674316,3.4000000953674316,3.4000000953674316,3.0999999046325684
2019-07-12T00:00:00,0.8795822233418176,0.8851734269876137,0.23302348680356844,0.24439960321277565,0.10457267414607684,18.0,18.0,18.0,18.0,15.800000190734863
2019-07-13T00:00:00,1.2583122916042029,0.8952980657581949,0.35865542591695493,0.16003228479410012,0.04807103385730344,0.0,0.0,0.0,0.0,0.0
2019-07-14T00:00:00,0.6730230105151264,0.458293478537166,0.34063061700406694,0.011526152412523626,0.00046256229361669483,0.0,0.0,0.0,0.0,0.0
2019-07-15T00:00:00,0.43417676420476753,0.2987554904724696,0.24889236441067406,0.0037414902903775958,0.0007394936805688169,0.0,0.0,0.0,0.0,0.0
2019-07-16T00:00:00,0.33717183921297744,0.2315732286276928,0.191485322062807,0.008612964180834815,0.003603758143649315,0.0,0.0,0.0,0.0,0.0
2019-07-17T00:00:00,0.28163275670986054,0.19588390911735334,0.15812427592781644,0.016752299020746927,0.002278329716182361,0.0,0.0,0.0,0.0,0.0
2019-07-18T00:00:00,0.24783457560283187,0.17262783631463832,0.1347090996250797,0.019935185529726864,0.002037157437802686,0.0,0.0,0.0,0.0,0.0
2019-07-19T00:00:00,0.22826709077997642,0.15474190388507103,0.11813911730078257,0.005740856098438929,0.002367836509341011,0.0,0.0,0.0,0.0,0.0
2019-07-20T00:00:00,0.25353591848004375,0.17155760183572802,0.11495453111983467,0.036155456338948726,0.01920759628473818,6.0,6.0,6.0,6.0,5.5
2019-07-21T00:00:00,0.2933932810303773,0.22769905209834382,0.11920993476933643,0.045742921784339204,0.018388114850760987,1.100000023841858,1.100000023841858,1.100000023841858,1.100000023841858,0.8999999761581421
2019-07-22T00:00:00,0.26687138530005144,0.16716830450330936,0.116042181616205,0.008676418209832067,0.0007372077820581542,0.0,0.0,0.0,0.0,0.0
2019-07-23T00:00:00,0.21453725684704372,0.13820595491542068,0.10981383530538685,0.008274004373340749,0.0012260172330255939,0.0,0.0,0.0,0.0,0.0
2019-07-24T00:00:00,0.19035991805334884,0.12663230746603665,0.10282841006485176,0.009855520902977886,0.0036672744001646205,0.0,0.0,0.0,0.0,0.0
2019-07-25T00:00:00,0.27819016572126015,0.23592812306617714,0.11128554830376845,0.06919741102238998,0.04041811175799302,9.399999618530273,9.399999618530273,9.399999618530273,9.399999618530273,9.600000381469727
2019-07-26T00:00:00,0.49717393391614495,0.4114166323676318,0.13119026408017567,0.1297304081912566,0.05769066167594052,5.900000095367432,5.900000095367432,5.900000095367432,5.900000095367432,6.300000190734863
2019-07-27T00:00:00,0.5082691618267984,0.36336031104449634,0.1519731792699637,0.09467050417764515,0.02427246068015027,4.900000095367432,4.900000095367432,4.900000095367432,4.900000095367432,2.5999999046325684
2019-07-28T00:00:00,0.6043033466234685,0.5087428146342624,0.18907710587370444,0.1519134957543076,0.06727219164538688,10.300000190734863,10.300000190734863,10.300000190734863,10.300000190734863,10.800000190734863
2019-07-29T00:00:00,0.6893398694721791,0.5178004837752398,0.21529482441929226,0.10478990707099305,0.037855293078177074,0.0,0.0,0.0,0.0,0.0
2019-07-30T00:00:00,0.4508731298700052,0.3064817366841426,0.2055819500809483,0.03412506335646409,0.004947196138667012,3.700000047683716,3.700000047683716,3.700000047683716,3.700000047683716,4.0
2019-07-31T00:00:00,0.34296742086022197,0.2419517125253975,0.1720508390283474,0.02790525325951292,0.010723971350119372,0.0,0.0,0.0,0.0,0.0
2019-08-01T00:00:00,0.6123394006995829,0.6083051446199751,0.19541991948690732,0.17681747215539867,0.06763488126288145,15.100000381469727,15.100000381469727,15.100000381469727,15.100000381469727,14.399999618530273
2019-08-02T00:00:00,1.0916961544012935,0.8622084597946156,0.2829913089663191,0.24909176481307663,0.08397405803294283,7.800000190734863,7.800000190734863,7.800000190734863,7.800000190734863,6.900000095367432
2019-08-03T00:00:00,0.7922294759234146,0.5718974808704899,0.30695918339399125,0.08992343314437701,0.022361523545578726,0.0,0.0,0.0,0.0,0.0
2019-08-04T00:00:00,0.44830692109075637,0.3027126461912986,0.23378097827627817,0.015925718866941344,0.00012008073376275287,0.0,0.0,0.0,0.0,0.0
2019-08-05T00:00:00,0.32108403273748826,0.21971960869134446,0.1763395843071016,0.02592584719946188,0.011517221445309435,3.0,3.0,3.0,3.0,3.0
2019-08-06T00:00:00,0.4661700388808947,0.44641934204163575,0.17616889832329063,0.1554945022997449,0.0797590415369508,10.600000381469727,10.600000381469727,10.600000381469727,10.600000381469727,12.100000381469727
2019-08-07T00:00:00,0.8052525178630021,0.6636275353956772,0.22559121781933486,0.20046239547896427,0.07534547416680144,5.599999904632568,5.599999904632568,5.599999904632568,5.599999904632568,5.400000095367432
2019-08-08T00:00:00,0.6168711190222854,0.45367895221153337,0.25037673701548274,0.07390984361381002,0.01742113201269106,0.0,0.0,0.0,0.0,0.0
2019-08-09T00:00:00,0.3784236711923365,0.26264557348366085,0.20679906624381272,0.023426795419740135,2.19379588736635e-5,0.0,0.0,0.0,0.0,0.0
2019-08-10T00:00:00,0.2730965795817703,0.190515419164242,0.15955785101697936,0.030844634677897224,0.004293178099404745,0.0,0.0,0.0,0.0,0.0
2019-08-11T00:00:00,0.22895122283406755,0.1691805959445206,0.1281563120441749,0.03539140171005182,0.005552519874487138,0.0,0.0,0.0,0.0,0.0
2019-08-12T00:00:00,0.439924662946906,0.441719473576861,0.13864809697642635,0.1575818507929889,0.06968500742171814,12.100000381469727,12.100000381469727,12.100000381469727,12.100000381469727,12.199999809265137
2019-08-13T00:00:00,0.8231263230059334,0.6663516031515978,0.1904383506286428,0.2222894479884641,0.0839438645765316,6.0,6.0,6.0,6.0,6.5
2019-08-14T00:00:00,0.6254670783085701,0.45739889035954207,0.22038899106934776,0.10322392491789716,0.021829870843942594,0.0,0.0,0.0,0.0,0.0
2019-08-15T00:00:00,0.4525186919438107,0.3364129201563626,0.1988433584153471,0.09499657085726222,0.01756423460142065,5.599999904632568,5.599999904632568,5.599999904632568,5.599999904632568,5.800000190734863
2019-08-16T00:00:00,0.4118005791088661,0.3228180038140054,0.17284167395077787,0.08725735468222216,0.019494408212476756,0.0,0.0,0.0,0.0,0.0
2019-08-17T00:00:00,0.31637406641753996,0.22590312740992805,0.14483368121960122,0.06345320280883657,0.002520453562374171,0.0,0.0,0.0,0.0,0.0
2019-08-18T00:00:00,0.24758360655447534,0.18255900863587937,0.1199192183391089,0.0613599873062281,0.0048688089675661414,0.0,0.0,0.0,0.0,0.0
2019-08-19T00:00:00,0.2844620324243283,0.24401103420731626,0.11079360253537955,0.11371136561508699,0.033529380773137656,6.199999809265137,6.199999809265137,6.199999809265137,6.199999809265137,6.900000095367432
2019-08-20T00:00:00,0.5500164821778953,0.5092609067884398,0.13315561952355753,0.21732981641839558,0.08902608710850156,8.899999618530273,8.899999618530273,8.899999618530273,8.899999618530273,9.800000190734863
2019-08-21T00:00:00,0.703463236786987,0.5556997511675025,0.17096570300734126,0.20156418281933894,0.05762461192788413,4.199999809265137,4.199999809265137,4.199999809265137,4.199999809265137,3.4000000953674316
2019-08-22T00:00:00,0.526421245798487,0.3938194743269203,0.1889535000147249,0.11246999354957844,0.014834016907634695,0.0,0.0,0.0,0.0,0.0
2019-08-23T00:00:00,0.41579192852934543,0.32452721696911285,0.17827961086045407,0.10101374015354676,0.015131157943965358,3.200000047683716,3.200000047683716,3.200000047683716,3.200000047683716,3.0
2019-08-24T00:00:00,0.400860308009423,0.31284662745014064,0.16248713995163222,0.08874409303848675,0.015487797469087917,1.5,1.5,1.5,1.5,0.0
2019-08-25T00:00:00,0.32298550240125284,0.2394339975836206,0.14177898799331284,0.07645197240054685,0.00957233826762738,0.800000011920929,0.800000011920929,0.800000011920929,0.800000011920929,1.7999999523162842
2019-08-26T00:00:00,0.29785524883488446,0.2439759854668381,0.1255350010805945,0.09638954070071087,0.023484747086452564,3.799999952316284,3.799999952316284,3.799999952316284,3.799999952316284,3.9000000953674316
2019-08-27T00:00:00,0.30557730864978866,0.23937396314631054,0.1143801146863343,0.08514334828820454,0.016315597229381047,0.0,0.0,0.0,0.0,0.0
2019-08-28T00:00:00,0.24470190904747824,0.177223616172575,0.0998687262731963,0.0726594034141619,0.0055313862111394255,0.0,0.0,0.0,0.0,0.0
2019-08-29T00:00:00,0.21774648118053563,0.1685543045844112,0.08778543975302265,0.07522550754365956,0.008405177809687166,0.0,0.0,0.0,0.0,0.0
2019-08-30T00:00:00,0.20364515884663137,0.15341737509258152,0.07770427588340681,0.06944913500262158,0.009005998777723156,0.0,0.0,0.0,0.0,0.0
2019-08-31T00:00:00,0.18276938910263776,0.13781393089714034,0.06938873220982446,0.07017531165673603,0.008826351066173176,0.0,0.0,0.0,0.0,0.0
2019-09-01T00:00:00,0.45635822931063735,0.501723561269287,0.09341416565182765,0.19983729790581026,0.07933594827268169,13.600000381469727,13.600000381469727,13.600000381469727,13.600000381469727,13.0
2019-09-02T00:00:00,0.8723640167638859,0.6871428034118298,0.15539118230578844,0.2607252302414664,0.08400000460413164,5.199999809265137,5.199999809265137,5.199999809265137,5.199999809265137,4.800000190734863
2019-09-03T00:00:00,0.6275677835145873,0.45867309692631625,0.19402069510659511,0.12781782003272094,0.023709954776816065,0.0,0.0,0.0,0.0,0.0
2019-09-04T00:00:00,0.3753090793049288,0.2628833254273868,0.16486429091182953,0.06772191056217979,0.0056314611407781235,0.0,0.0,0.0,0.0,0.0
2019-09-05T00:00:00,0.5095367089933635,0.5021129715800416,0.15928148777444942,0.19099395295354374,0.0813363362383676,11.600000381469727,11.600000381469727,11.600000381469727,11.600000381469727,11.899999618530273
2019-09-06T00:00:00,1.2384478558699883,1.099732075396448,0.2403642071344698,0.3529431710802859,0.14297222086775596,14.0,14.0,14.0,14.0,12.100000381469727
2019-09-07T00:00:00,1.224034686111095,0.9218687061713547,0.34928550801113434,0.23780258153122305,0.07718056872352208,4.400000095367432,4.400000095367432,4.400000095367432,4.400000095367432,3.0999999046325684
2019-09-08T00:00:00,2.2930467815137727,2.0883972068169068,0.504085384218797,0.5494922265366852,0.21402904018156177,25.899999618530273,25.899999618530273,25.899999618530273,25.899999618530273,25.0
2019-09-09T00:00:00,2.249846669535595,1.585274348662013,0.66664664419584,0.30812187771043487,0.08816534959531223,0.0,0.0,0.0,0.0,0.0
2019-09-10T00:00:00,0.99733269963507,0.7202269640980786,0.4939256836060528,0.1113663399751541,0.010003982689590107,0.0,0.0,0.0,0.0,0.0
2019-09-11T00:00:00,0.5658699378292539,0.42809207336190175,0.2946102917300005,0.10385147887019708,0.00990557484261928,0.0,0.0,0.0,0.0,0.0
2019-09-12T00:00:00,0.3960088296151552,0.31685459441610864,0.19028616833758652,0.12472801651101383,0.011056257230780667,0.0,0.0,0.0,0.0,0.0
2019-09-13T00:00:00,0.3287648777573679,0.28034887583854556,0.13393097723331965,0.15836947645160515,0.010749064119363059,0.0,0.0,0.0,0.0,0.0
2019-09-14T00:00:00,0.31564011438478085,0.28503595563755724,0.10132353808047813,0.20058313706453668,0.010981435369349523,0.0,0.0,0.0,0.0,0.0
2019-09-15T00:00:00,0.3333528242064812,0.3115354558966323,0.0816058830872835,0.24628031798973896,0.011372891241322304,0.0,0.0,0.0,0.0,0.0
2019-09-16T00:00:00,0.3652258656712896,0.3447193476097086,0.0691944938725412,0.2888164452644136,0.011913277279264597,0.0,0.0,0.0,0.0,0.0
2019-09-17T00:00:00,0.3987174511669203,0.3765802246458902,0.061054817311224086,0.32399037165569244,0.0127373652949047,0.0,0.0,0.0,0.0,0.0
2019-09-18T00:00:00,0.43934065523049387,0.4140217790824774,0.056672056079690926,0.35344663533658327,0.015031332914484828,0.0,0.0,0.0,0.0,0.0
2019-09-19T00:00:00,0.4652598169644502,0.4279173751058451,0.054408432966556904,0.3636543634361129,0.015765400201941594,0.0,0.0,0.0,0.0,0.0
2019-09-20T00:00:00,0.4691833325211292,0.433814402116568,0.053088655257679106,0.36766681781503613,0.017292245779532815,0.0,0.0,0.0,0.0,0.0
2019-09-21T00:00:00,0.47101965105264015,0.43129730308109365,0.05243137117240843,0.3620736352396023,0.018624450519964874,0.0,0.0,0.0,0.0,0.0
2019-09-22T00:00:00,0.47857087067286236,0.44163574567977815,0.052930676651934454,0.36065208623899037,0.024400027705979727,0.0,0.0,0.0,0.0,0.0
2019-09-23T00:00:00,0.7015067457057927,0.6915654591028563,0.07033698310921056,0.48139818751012275,0.09685608799608762,9.399999618530273,9.399999618530273,9.399999618530273,9.399999618530273,10.800000190734863
2019-09-24T00:00:00,0.8765453752113842,0.7287348991870563,0.09290075734144791,0.43820693895036106,0.06860497714664399,0.0,0.0,0.0,0.0,0.0
2019-09-25T00:00:00,0.6827228589548872,0.6018725787222785,0.11382504514734787,0.3922870081839334,0.05075761882342858,4.900000095367432,4.900000095367432,4.900000095367432,4.900000095367432,4.199999809265137
2019-09-26T00:00:00,0.6624840975717358,0.5687767494299537,0.12241088779553157,0.34966487386266715,0.04569991180769497,0.0,0.0,0.0,0.0,0.0
2019-09-27T00:00:00,0.5436721845546671,0.47409927077003783,0.11490120363614072,0.30567469963864186,0.03405314536958561,0.0,0.0,0.0,0.0,0.0
2019-09-28T00:00:00,0.4870691545401322,0.43324615626621465,0.10213517527705913,0.288379037918365,0.034585728733520456,0.0,0.0,0.0,0.0,0.0
2019-09-29T00:00:00,0.45420054456636777,0.40466330625697405,0.0894671714966745,0.2748441817327077,0.03437346877958793,0.0,0.0,0.0,0.0,0.0
2019-09-30T00:00:00,0.426256207408004,0.3804424889882578,0.0788444660945763,0.2637589525436855,0.034983039720893803,0.0,0.0,0.0,0.0,0.0
2019-10-01T00:00:00,0.5482940477673058,0.5269049153862972,0.08410347278468024,0.33574338749994337,0.08057042045335427,8.600000381469727,8.600000381469727,8.600000381469727,8.600000381469727,8.5
2019-10-02T00:00:00,0.7957964075245559,0.7093533224690494,0.10513973141152376,0.4168199336609811,0.10547535832466731,6.599999904632568,6.599999904632568,6.599999904632568,6.599999904632568,6.199999809265137
2019-10-03T00:00:00,0.7207786575101593,0.5835943986588567,0.1198055028617745,0.3148646415983023,0.057877554160083465,0.0,0.0,0.0,0.0,0.0
2019-10-04T00:00:00,0.5068431242583343,0.42861747607702116,0.11684869445494211,0.24830296107250657,0.040293122908372996,0.0,0.0,0.0,0.0,0.0
2019-10-05T00:00:00,0.4524163218269752,0.3944300807564051,0.10677526461895266,0.23216659757910707,0.04030864027059188,0.0,0.0,0.0,0.0,0.0
2019-10-06T00:00:00,0.48449934099930875,0.44081971336628567,0.1040413913920437,0.2577034713972947,0.0576920880303127,4.300000190734863,4.300000190734863,4.300000190734863,4.300000190734863,3.799999952316284
2019-10-07T00:00:00,0.518339003399804,0.4458388273085941,0.1094280926177465,0.25152351215960095,0.04963228304771306,0.0,0.0,0.0,0.0,0.0
2019-10-08T00:00:00,0.44045341375688035,0.37673612598041945,0.10765760448862234,0.21566496078313524,0.0371703160309352,0.0,0.0,0.0,0.0,0.0
2019-10-09T00:00:00,0.472861784812683,0.433422981146749,0.10625785397669517,0.24584711760132982,0.06388227308451704,4.199999809265137,4.199999809265137,4.199999809265137,4.199999809265137,4.5
2019-10-10T00:00:00,0.5301152630348098,0.45184714417508226,0.10767415202814856,0.2450999793242874,0.05486337595256,0.0,0.0,0.0,0.0,0.0
2019-10-11T00:00:00,0.43585408571782885,0.36241290455463676,0.10375358436739063,0.20198722428204222,0.03505916462474896,0.0,0.0,0.0,0.0,0.0
2019-10-12T00:00:00,0.3800199694567015,0.32769357757993667,0.09520168204007211,0.1902702179259028,0.0340866975706708,0.0,0.0,0.0,0.0,0.0
2019-10-13T00:00:00,0.35969114134865526,0.3099202631483318,0.08565228694949616,0.18393474730526363,0.03274085125425575,0.0,0.0,0.0,0.0,0.0
2019-10-14T00:00:00,0.34198387689552545,0.2942013732684419,0.07730410314570707,0.178673370090905,0.031933819338366025,0.0,0.0,0.0,0.0,0.0
2019-10-15T00:00:00,0.5120056877479527,0.4976307907831728,0.08864098498112498,0.2832796538266426,0.08924092097887244,9.399999618530273,9.399999618530273,9.399999618530273,9.399999618530273,9.0
2019-10-16T00:00:00,0.679924869364514,0.5446246334945349,0.10648883802235082,0.2551811631643421,0.06365327773789178,0.0,0.0,0.0,0.0,0.0
2019-10-17T00:00:00,0.4506527319116642,0.35426046959923513,0.11269878420674669,0.17906757790784222,0.0305135087909636,0.0,0.0,0.0,0.0,0.0
2019-10-18T00:00:00,0.38308313797323484,0.323400519399246,0.10692057787074344,0.16852375915964027,0.031390695247534094,0.0,0.0,0.0,0.0,0.0
2019-10-19T00:00:00,0.3720465315154793,0.31478759169093495,0.09755637639679297,0.17011547411791864,0.0320999911456543,0.0,0.0,0.0,0.0,0.0
2019-10-20T00:00:00,0.3651086668725438,0.30644176213496493,0.08997020005701219,0.16561100367129997,0.03142052045151345,0.0,0.0,0.0,0.0,0.0
2019-10-21T00:00:00,0.45042910611687326,0.40775169653345955,0.09497928602061635,0.22592628916495008,0.06784251756867372,6.900000095367432,6.900000095367432,6.900000095367432,6.900000095367432,6.699999809265137
2019-10-22T00:00:00,0.5533421848498501,0.4534261735025163,0.10504799498332772,0.21719779367261607,0.05411286101655294,0.0,0.0,0.0,0.0,0.0
2019-10-23T00:00:00,0.4183214184467885,0.32561967235721845,0.10507178530254102,0.16173040357225177,0.027234332427276627,0.0,0.0,0.0,0.0,0.0
2019-10-24T00:00:00,0.35622933558131087,0.293632395865047,0.0986130767169563,0.15211819478714397,0.027387847435260057,0.0,0.0,0.0,0.0,0.0
2019-10-25T00:00:00,0.3396304917487536,0.2791999264177488,0.09086026474611197,0.14687144063018945,0.026282919925495054,0.0,0.0,0.0,0.0,0.0
2019-10-26T00:00:00,0.31959696844923274,0.26121675339119327,0.08349029492841109,0.14206713269235002,0.024270371698653922,0.0,0.0,0.0,0.0,0.0
2019-10-27T00:00:00,0.302633208932307,0.2466395671654176,0.0767478179643932,0.1382908140772784,0.022887699949852475,0.0,0.0,0.0,0.0,0.0
2019-10-28T00:00:00,0.357242898538807,0.31628123061306074,0.07771029528504658,0.1772018484271096,0.04893221311670271,4.800000190734863,4.800000190734863,4.800000190734863,4.800000190734863,4.800000190734863
2019-10-29T00:00:00,0.4955074121253751,0.4280077413153562,0.0884607994730483,0.2287311847325706,0.06676953612885002,3.5999999046325684,3.5999999046325684,3.5999999046325684,3.5999999046325684,3.5999999046325684
2019-10-30T00:00:00,0.5465741284098145,0.45316737619566544,0.10420475871363472,0.23064054313460355,0.06350363044129621,3.200000047683716,3.200000047683716,3.200000047683716,3.200000047683716,3.700000047683716
2019-10-31T00:00:00,0.5103426465563413,0.407737605011663,0.11556642040931231,0.18998297658089222,0.041570237239464396,0.0,0.0,0.0,0.0,0.0
2019-11-01T00:00:00,0.4165784023713444,0.32860281051461,0.11788518873346021,0.1534909407208133,0.025654634128300668,0.0,0.0,0.0,0.0,0.0
2019-11-02T00:00:00,0.44468312286015355,0.387844483830954,0.11879522027150517,0.20415434673152488,0.053490947079919866,5.400000095367432,5.400000095367432,5.400000095367432,5.400000095367432,5.699999809265137
2019-11-03T00:00:00,1.8594016930364763,1.794347841422632,0.24630399599859773,0.6143461353703513,0.22586689260934298,24.200000762939453,24.200000762939453,24.200000762939453,24.200000762939453,23.200000762939453
2019-11-04T00:00:00,2.3024679476583034,1.6987646314702503,0.512793290541839,0.5090941126644316,0.16925481074798335,8.5,8.5,8.5,8.5,10.100000381469727
2019-11-05T00:00:00,1.973429583749443,1.6821401609376767,0.5648847468681192,0.5314301483719096,0.168838946661633,14.800000190734863,14.800000190734863,14.800000190734863,14.800000190734863,14.699999809265137
2019-11-06T00:00:00,1.5926220201286423,1.2030660264939168,0.4910757566049717,0.3266838905359692,0.07916313618314037,0.0,0.0,0.0,0.0,0.0
2019-11-07T00:00:00,1.082739737558758,0.8910794260917686,0.3883198474411527,0.30504191689416216,0.08083507674445302,9.300000190734863,9.300000190734863,9.300000190734863,9.300000190734863,9.100000381469727
2019-11-08T00:00:00,1.4796313506725056,1.33819679144272,0.35991651677440784,0.511412988014922,0.1704429232059165,13.199999809265137,13.199999809265137,13.199999809265137,13.199999809265137,15.199999809265137
2019-11-09T00:00:00,1.3894039812749412,1.074668809390222,0.36011119046912876,0.3803509167461863,0.07857002080869051,0.0,0.0,0.0,0.0,0.0
2019-11-10T00:00:00,0.8438379930314843,0.6817404360976935,0.2928216469676377,0.31153671979207825,0.023852423176622912,0.0,0.0,0.0,0.0,0.0
2019-11-11T00:00:00,0.9041650235408504,0.8245352721884865,0.23187383098129924,0.46656193871211643,0.0714910750151183,9.0,9.0,9.0,9.0,8.600000381469727
2019-11-12T00:00:00,2.9192904001363043,2.74256391047059,0.391601236209566,1.1453374642711165,0.27766947346568444,26.700000762939453,26.700000762939453,26.700000762939453,26.700000762939453,27.100000381469727
2019-11-13T00:00:00,3.0979450300669575,2.414379195002629,0.6804041167707674,1.010398776567978,0.17264169151136696,7.0,7.0,7.0,7.0,7.5
2019-11-14T00:00:00,2.079162993009569,1.7860819513124584,0.5665462632449182,0.9518500857045212,0.09069717045572114,5.099999904632568,5.099999904632568,5.099999904632568,5.099999904632568,5.400000095367432
2019-11-15T00:00:00,4.989371908128354,4.626333383442255,0.7175325380598512,2.0958697392639163,0.3664269108766738,34.5,34.5,34.5,34.5,34.29999923706055
2019-11-16T00:00:00,7.610530549194806,6.703924019137035,1.2863763444382916,3.386699958961893,0.3761394395981184,25.100000381469727,25.100000381469727,25.100000381469727,25.100000381469727,24.799999237060547
2019-11-17T00:00:00,10.125831235338287,9.514169514824905,1.4294439379902188,6.067809573284229,0.3864013165818416,23.5,23.5,23.5,23.5,23.799999237060547
2019-11-18T00:00:00,11.981191163377126,10.716687318216893,1.1368265613010688,8.14432492127005,0.36010187575443875,6.400000095367432,6.400000095367432,6.400000095367432,6.400000095367432,6.5
2019-11-19T00:00:00,13.66067898470658,11.65109504281056,0.706624767187094,9.464320675450056,0.5042967245760223,6.0,6.0,6.0,6.0,0.0
2019-11-20T00:00:00,14.994695723845018,11.984869974168433,0.4361287593543112,9.745833240090013,0.8493285959045765,0.0,0.0,0.0,0.0,0.0
2019-11-21T00:00:00,16.76959443420087,11.946215340513278,0.2928516293411298,9.427144249543854,1.2752743268717726,0.0,0.0,0.0,0.0,0.0
2019-11-22T00:00:00,16.443895162563724,11.639504155859752,0.22883126776999071,8.844463625760769,1.6097485557955717,0.0,0.0,0.0,0.0,0.0
2019-11-23T00:00:00,15.308259722880855,11.198634325006147,0.2112983382697462,8.253661981410986,1.7716009627647962,0.0,0.0,0.0,0.0,0.0
2019-11-24T00:00:00,14.262155822751888,10.764215722074383,0.2278072240070148,7.737752720792892,1.8252766309002182,0.0,0.0,0.0,0.0,0.0
2019-11-25T00:00:00,13.460937232544113,10.373327261969752,0.279758124595073,7.274114676091258,1.830347592206933,0.0,0.0,0.0,0.0,0.0
2019-11-26T00:00:00,12.870464548508012,10.088178279609595,0.3718094291827359,6.874607969625456,1.8259626165709635,0.0,0.0,0.0,0.0,0.0
2019-11-27T00:00:00,12.572350529477488,9.980819165347247,0.5243479369175409,6.5184435103862475,1.8385710757024556,4.800000190734863,4.800000190734863,4.800000190734863,4.800000190734863,0.0
2019-11-28T00:00:00,12.226685588485049,9.819708415404785,0.6914164057195498,6.1689824864582095,1.8659260653461616,0.0,0.0,0.0,0.0,0.0
2019-11-29T00:00:00,12.095769725922954,9.843518386890397,0.8076100109110006,5.913287275909788,2.0108991881113507,0.0,0.0,0.0,0.0,9.899999618530273
2019-11-30T00:00:00,11.836561459305853,9.630594495836856,0.9318931022810567,5.543629576240918,1.9821888840498814,0.0,0.0,0.0,0.0,0.0
2019-12-01T00:00:00,11.766508500260215,9.597037487083869,0.9717945342825897,5.328830280067358,2.084141677698876,5.599999904632568,5.599999904632568,5.599999904632568,5.599999904632568,5.599999904632568
2019-12-02T00:00:00,11.473422255470012,9.285611417697464,0.997156955549045,4.982872266341477,2.085907610010651,3.0999999046325684,3.0999999046325684,3.0999999046325684,3.0999999046325684,0.0
2019-12-03T00:00:00,11.06798842671872,8.910948878965625,0.9637182554349918,4.6944419435370035,2.1003913044531104,0.0,0.0,0.0,0.0,0.0
2019-12-04T00:00:00,10.77480128053025,8.610442922594313,0.9361236286421559,4.4513445295731895,2.10079629463796,0.0,0.0,0.0,0.0,0.0
2019-12-05T00:00:00,10.528574474858258,8.344545478833,0.9417470859120912,4.222967764428481,2.0783723796988225,0.0,0.0,0.0,0.0,0.0
2019-12-06T00:00:00,10.28880474600723,8.098542784063502,0.9559261601820884,4.015407126605309,2.0416490381862844,0.0,0.0,0.0,0.0,0.0
2019-12-07T00:00:00,10.03039962133366,7.849838266920346,0.9716588204610241,3.815943117389237,1.9888756088434463,0.0,0.0,0.0,0.0,0.0
2019-12-08T00:00:00,9.763236188593732,7.603850978666895,0.9852242885260956,3.6279431247511167,1.9273453670884726,0.0,0.0,0.0,0.0,0.0
2019-12-09T00:00:00,9.76382891891161,7.604182928795285,1.0344809324906192,3.5532646454718737,1.9155149762779955,6.300000190734863,6.300000190734863,6.300000190734863,6.300000190734863,5.199999809265137
2019-12-10T00:00:00,9.4384284918664,7.286418603659288,1.0983148059695917,3.313094106561394,1.8034622339962834,0.0,0.0,0.0,0.0,0.0
2019-12-11T00:00:00,9.088274321365132,6.996667159003244,1.096438070638952,3.139053163478828,1.7300736620598893,0.0,0.0,0.0,0.0,0.0
2019-12-12T00:00:00,8.892821631401242,6.8319927223522,1.1342360255350543,3.0074767779542584,1.6708124778146898,1.5,1.5,1.5,1.5,1.2000000476837158
2019-12-13T00:00:00,8.680051186493015,6.652203889347906,1.200441354436138,2.860787303112401,1.6019197535788885,0.0,0.0,0.0,0.0,0.0
2019-12-14T00:00:00,8.459806613536585,6.476360446697041,1.2511144300787764,2.726225240837097,1.5417307821105675,0.0,0.0,0.0,0.0,0.0
2019-12-15T00:00:00,8.243229861548686,6.301380835294076,1.2965558565253612,2.5927113528877097,1.478221820059697,0.0,0.0,0.0,0.0,0.0
2019-12-16T00:00:00,8.047626399546825,6.155068564737949,1.344082163111478,2.4797233991357395,1.4235658906102862,0.0,0.0,0.0,0.0,0.0
2019-12-17T00:00:00,7.975891688606457,6.15777062247047,1.3905225720250192,2.479220847142204,1.428060615188455,0.0,0.0,0.0,0.0,5.900000095367432
2019-12-18T00:00:00,7.76098131616797,5.945240435728093,1.427124707875594,2.2996967756524627,1.3311626257148088,0.0,0.0,0.0,0.0,0.0
2019-12-19T00:00:00,7.49556525370209,5.7570188493422805,1.4518183290156375,2.18210539313125,1.278467001460814,0.0,0.0,0.0,0.0,0.0
2019-12-20T00:00:00,7.7733293424466865,6.057111642317298,1.5372378084558234,2.260721726459385,1.3262809083419407,9.800000190734863,9.800000190734863,9.800000190734863,9.800000190734863,8.899999618530273
2019-12-21T00:00:00,8.872812200477943,7.071648922237663,1.8239125450628217,2.4690392346891685,1.4075365223958827,18.0,18.0,18.0,18.0,17.700000762939453
2019-12-22T00:00:00,8.457161350959778,6.577128006957679,2.0076521219431513,2.205604676815852,1.2961251302286143,4.300000190734863,4.300000190734863,4.300000190734863,4.300000190734863,4.099999904632568
2019-12-23T00:00:00,7.751669599960649,6.135252176195833,1.8931458059762125,2.091582842131269,1.3053778521422632,0.0,0.0,0.0,0.0,3.299999952316284
2019-12-24T00:00:00,7.81844833695915,6.299739017343227,1.8438783524685265,2.2087161068998027,1.3946394740088675,6.400000095367432,6.400000095367432,6.400000095367432,6.400000095367432,6.300000190734863
2019-12-25T00:00:00,7.956470590474573,6.466854359972181,1.8889810863967575,2.258902550514924,1.4481958774852517,4.400000095367432,4.400000095367432,4.400000095367432,4.400000095367432,3.200000047683716
2019-12-26T00:00:00,7.954709860442256,6.537446203619024,1.9075924763775385,2.2781508655274583,1.5055833796569482,0.0,0.0,0.0,0.0,0.0
2019-12-27T00:00:00,8.168261270743823,6.832464624503866,1.966655963256952,2.3877268151927664,1.6307271372876866,0.0,0.0,0.0,0.0,3.0999999046325684
2019-12-28T00:00:00,8.476398364873905,7.144898416958243,2.0593883638264567,2.478124717633563,1.698903684954824,0.0,0.0,0.0,0.0,0.0
2019-12-29T00:00:00,8.689251076402224,7.374865494868369,2.0792678648685543,2.56555637757763,1.7841975973412214,0.0,0.0,0.0,0.0,0.0
2019-12-30T00:00:00,8.8856444443291,7.580133998733003,2.0937271692950614,2.6423597443729734,1.8609086535726853,0.0,0.0,0.0,0.0,0.0
2019-12-31T00:00:00,9.029082022423605,7.728378089370942,2.098235569565806,2.6990398819558723,1.9228996520755623,0.0,0.0,0.0,0.0,0.0
